{"train_loss":0.27814336061565836,"test_loss":0.36404691316318094,"unnormalized_train_loss":0.37649354470674135,"_timestamp":1.7308357440571308e+09,"_runtime":70.670477333,"_step":2,"epoch":200,"_wandb":{"runtime":70}}