{"train_loss":0.9951926713853371,"test_loss":0.9833976436277916,"unnormalized_train_loss":1.3470881191867772,"_timestamp":1.730833548565599e+09,"_runtime":0.656810324,"_step":0,"epoch":1,"_wandb":{"runtime":10}}