{"train_loss":0.9798222430578367,"_wandb":{"runtime":6},"test_loss":1.059939404328664,"unnormalized_train_loss":1.3262827796961183,"_timestamp":1.7308336198929336e+09,"_runtime":0.485197839,"_step":0,"epoch":1}