{"_step":0,"epoch":1,"train_loss":0.9604764292016625,"test_loss":0.8539332374930382,"unnormalized_train_loss":1.3000963770517198,"_wandb":{"runtime":4},"_timestamp":1.7308342171579866e+09,"_runtime":0.4328942}