{"_step":0,"epoch":1,"train_loss":0.9936013370752335,"test_loss":0.9783949553966522,"unnormalized_train_loss":1.3449340965493206,"_wandb":{"runtime":6},"_timestamp":1.73083367352102e+09,"_runtime":0.508269331}