{"test_loss":0.9298390735839975,"_wandb":{"runtime":12},"unnormalized_train_loss":1.3211509521641016,"_timestamp":1.7308335757049446e+09,"_runtime":0.61287371,"_step":0,"epoch":1,"train_loss":0.9760309861400934}