{"_wandb":{"runtime":26},"_runtime":0.87378998,"_step":0,"epoch":1,"train_loss":0.618587586000062,"test_loss":0.5732922242921695,"unnormalized_train_loss":0.8373172469378676,"_timestamp":1.730834345316112e+09}