{"_runtime":75.5028841,"_step":2,"_wandb":{"runtime":75},"epoch":200,"train_loss":0.16881886900529353,"test_loss":0.3917173532801762,"unnormalized_train_loss":0.22851242706099617,"_timestamp":1.7308358940137632e+09}