{"_timestamp":1.7308353616395783e+09,"_runtime":26.926333027,"_step":2,"epoch":200,"train_loss":0.8294344821314173,"test_loss":0.7559472103913625,"unnormalized_train_loss":1.122718613841605,"_wandb":{"runtime":26}}