{"_timestamp":1.7308336280666783e+09,"_runtime":0.55438004,"_step":0,"epoch":1,"_wandb":{"runtime":7},"train_loss":1.0130317337869659,"test_loss":0.8682902018229167,"unnormalized_train_loss":1.371234990149175}