{"epoch":1,"train_loss":0.6429466653681366,"test_loss":0.41977786429618535,"unnormalized_train_loss":0.8702895821997252,"_wandb":{"runtime":18},"_timestamp":1.7308342803249733e+09,"_runtime":0.776364108,"_step":0}