{"unnormalized_train_loss":1.3278963027396111,"_timestamp":1.7308334399295328e+09,"_runtime":0.74212105,"_step":0,"epoch":1,"train_loss":0.9810142707248647,"test_loss":0.9859253372016706,"_wandb":{"runtime":19}}