{"unnormalized_train_loss":0.2666604637330913,"_timestamp":1.7308361898600085e+09,"_runtime":42.128569543,"_step":2,"_wandb":{"runtime":42},"epoch":200,"train_loss":0.1970016181388298,"test_loss":0.37614645937393454}