{"train_loss":0.617044048152379,"test_loss":0.45176275388190623,"unnormalized_train_loss":0.8352279213671371,"_timestamp":1.7308343215167818e+09,"_runtime":0.781432693,"_step":0,"epoch":1,"_wandb":{"runtime":21}}