{"unnormalized_train_loss":1.3510587081610286,"_timestamp":1.7308334839597297e+09,"_runtime":0.851273503,"_step":0,"epoch":1,"train_loss":0.9981260363166854,"test_loss":0.9922311332142144,"_wandb":{"runtime":23}}