{"train_loss":0.9460843838751316,"test_loss":0.7585662007331848,"unnormalized_train_loss":1.2806153721894356,"_timestamp":1.7308342228623176e+09,"_wandb":{"runtime":4},"_runtime":0.461632717,"_step":0,"epoch":1}