{"_wandb":{"runtime":4},"epoch":1,"train_loss":0.7789768055081367,"test_loss":0.5864910036325455,"unnormalized_train_loss":1.0544193400875368,"_timestamp":1.7308345786387775e+09,"_runtime":0.758353729,"_step":0}