{"epoch":200,"train_loss":0.2357883046526293,"test_loss":0.22663316829947003,"unnormalized_train_loss":0.31916194016843225,"_timestamp":1.7308358168803463e+09,"_runtime":71.009940638,"_wandb":{"runtime":71},"_step":2}