{"test_loss":0.3161896492044131,"unnormalized_train_loss":0.33491735590874533,"_wandb":{"runtime":37},"_timestamp":1.7300598707150662e+09,"_runtime":37.980915062,"_step":3,"epoch":300,"train_loss":0.2510513714918001}