{"_step":0,"_wandb":{"runtime":9},"epoch":1,"train_loss":0.9166704516007206,"test_loss":0.7871058603812908,"unnormalized_train_loss":1.240800811808613,"_timestamp":1.7308341051815069e+09,"_runtime":0.548422043}