{"test_loss":0.8091023184102157,"unnormalized_train_loss":1.1784230568895522,"_timestamp":1.7308338747585828e+09,"_runtime":0.859396247,"_step":0,"epoch":1,"train_loss":0.8705874347076641,"_wandb":{"runtime":13}}