{"_runtime":0.47632341,"_wandb":{"runtime":6},"_step":0,"epoch":1,"train_loss":1.0921676374795868,"test_loss":1.0184836665789285,"unnormalized_train_loss":1.4783529771788064,"_timestamp":1.7308336039002988e+09}