{
	"class_name" : "PinholeCameraParameters",
	"extrinsic" : 
	[
		-0.0028904296195071955,
		0.53475107024986901,
		-0.84500469719595894,
		0.0,
		0.77122563892620932,
		-0.53670465577818205,
		-0.34228515353266997,
		0.0,
		-0.63655530732174004,
		-0.65267863863668985,
		-0.41086242878594087,
		0.0,
		0.0048958886341181618,
		-0.037038867040763687,
		0.33544871595490722,
		1.0
	],
	"intrinsic" : 
	{
		"height" : 600,
		"intrinsic_matrix" : 
		[
			519.6152422706632,
			0.0,
			0.0,
			0.0,
			519.6152422706632,
			0.0,
			399.5,
			299.5,
			1.0
		],
		"width" : 800
	},
	"version_major" : 1,
	"version_minor" : 0
}