{
	"class_name" : "PinholeCameraParameters",
	"extrinsic" : 
	[
		-0.28182965073324612,
		0.56373660041085571,
		-0.77638462975820688,
		0.0,
		0.11001891038863459,
		-0.78486029465907869,
		-0.60982797346838891,
		0.0,
		-0.95313581787931678,
		-0.25728459577844076,
		0.15917521619476535,
		0.0,
		0.045788802523115207,
		-0.023896621836922666,
		0.34599345803684378,
		1.0
	],
	"intrinsic" : 
	{
		"height" : 600,
		"intrinsic_matrix" : 
		[
			519.6152422706632,
			0.0,
			0.0,
			0.0,
			519.6152422706632,
			0.0,
			399.5,
			299.5,
			1.0
		],
		"width" : 800
	},
	"version_major" : 1,
	"version_minor" : 0
}