{
	"class_name" : "PinholeCameraParameters",
	"extrinsic" : 
	[
		0.93257476641625858,
		0.36008442286911441,
		-0.025367566904962165,
		0.0,
		0.24088631974530006,
		-0.67312397058101914,
		-0.69919804146522646,
		0.0,
		-0.26884584059126898,
		0.64594375036550988,
		-0.71447784105632972,
		0.0,
		-0.082758696560064945,
		-0.068744641586917954,
		0.40443170306549769,
		1.0
	],
	"intrinsic" : 
	{
		"height" : 600,
		"intrinsic_matrix" : 
		[
			519.6152422706632,
			0.0,
			0.0,
			0.0,
			519.6152422706632,
			0.0,
			399.5,
			299.5,
			1.0
		],
		"width" : 800
	},
	"version_major" : 1,
	"version_minor" : 0
}