{
	"class_name" : "PinholeCameraParameters",
	"extrinsic" : 
	[
		-0.096612898705646877,
		0.98166777022930407,
		0.16429953346470261,
		0.0,
		-0.016329092384667888,
		0.16348624590319702,
		-0.98641046635889496,
		0.0,
		-0.99518807697117506,
		-0.097982836729224768,
		0.00023486359591318434,
		0.0,
		0.10700300636712309,
		-0.067202240206328118,
		0.46291469771765659,
		1.0
	],
	"intrinsic" : 
	{
		"height" : 600,
		"intrinsic_matrix" : 
		[
			519.6152422706632,
			0.0,
			0.0,
			0.0,
			519.6152422706632,
			0.0,
			399.5,
			299.5,
			1.0
		],
		"width" : 800
	},
	"version_major" : 1,
	"version_minor" : 0
}