{
	"class_name" : "PinholeCameraParameters",
	"extrinsic" : 
	[
		1.0,
		-0.0,
		-0.0,
		0.0,
		0.0,
		-1.0,
		-0.0,
		0.0,
		0.0,
		-0.0,
		-1.0,
		0.0,
		-0.054254555484748113,
		-0.047576245641826873,
		0.39208613131766629,
		1.0
	],
	"intrinsic" : 
	{
		"height" : 600,
		"intrinsic_matrix" : 
		[
			519.6152422706632,
			0.0,
			0.0,
			0.0,
			519.6152422706632,
			0.0,
			399.5,
			299.5,
			1.0
		],
		"width" : 800
	},
	"version_major" : 1,
	"version_minor" : 0
}