{
	"class_name" : "PinholeCameraParameters",
	"extrinsic" : 
	[
		-0.92481690119801652,
		0.24312825912468389,
		-0.2925787908811896,
		0.0,
		0.38036855377252532,
		0.57930286231813788,
		-0.72092160254150395,
		0.0,
		-0.0057846831802401124,
		-0.77800825402113405,
		-0.62822742228868922,
		0.0,
		0.73065381695800713,
		0.82736167090119661,
		1.3995233687345194,
		1.0
	],
	"intrinsic" : 
	{
		"height" : 600,
		"intrinsic_matrix" : 
		[
			519.6152422706632,
			0.0,
			0.0,
			0.0,
			519.6152422706632,
			0.0,
			399.5,
			299.5,
			1.0
		],
		"width" : 800
	},
	"version_major" : 1,
	"version_minor" : 0
}