{
	"class_name" : "PinholeCameraParameters",
	"extrinsic" : 
	[
		-0.97923248493813309,
		0.051930716902156303,
		-0.19597688915766889,
		0.0,
		0.20026759105774233,
		0.097245822317756206,
		-0.97490314493988184,
		0.0,
		-0.031569485485481587,
		-0.99390464868807793,
		-0.10562630781396497,
		0.0,
		0.0501892231484177,
		0.030403586771549203,
		0.34400286882586184,
		1.0
	],
	"intrinsic" : 
	{
		"height" : 600,
		"intrinsic_matrix" : 
		[
			519.6152422706632,
			0.0,
			0.0,
			0.0,
			519.6152422706632,
			0.0,
			399.5,
			299.5,
			1.0
		],
		"width" : 800
	},
	"version_major" : 1,
	"version_minor" : 0
}
