{
	"class_name" : "PinholeCameraParameters",
	"extrinsic" : 
	[
		-0.0014190317865733874,
		0.97559761098114506,
		0.21956158087577876,
		0.0,
		-0.060713711260457132,
		0.2190727056494006,
		-0.97381774213886296,
		0.0,
		-0.998154212340844,
		-0.014712276755605712,
		0.058921280526613884,
		0.0,
		0.03542364093605898,
		-0.12597470792497478,
		0.35412915379401694,
		1.0
	],
	"intrinsic" : 
	{
		"height" : 600,
		"intrinsic_matrix" : 
		[
			519.6152422706632,
			0.0,
			0.0,
			0.0,
			519.6152422706632,
			0.0,
			399.5,
			299.5,
			1.0
		],
		"width" : 800
	},
	"version_major" : 1,
	"version_minor" : 0
}