{
	"class_name" : "PinholeCameraParameters",
	"extrinsic" : 
	[
		0.39395678335051687,
		0.46631431197174439,
		-0.79205366945834721,
		0.0,
		0.77220292074957908,
		-0.63529637010349715,
		0.010058395455534509,
		0.0,
		-0.49849844737765586,
		-0.61558873006548709,
		-0.61036858813214456,
		0.0,
		-0.036867769235115838,
		-0.048778027033644589,
		0.37169289245188969,
		1.0
	],
	"intrinsic" : 
	{
		"height" : 600,
		"intrinsic_matrix" : 
		[
			519.6152422706632,
			0.0,
			0.0,
			0.0,
			519.6152422706632,
			0.0,
			399.5,
			299.5,
			1.0
		],
		"width" : 800
	},
	"version_major" : 1,
	"version_minor" : 0
}