{"unnormalized_train_loss":0.3803792169810967,"_timestamp":1.730835055171206e+09,"_runtime":115.406721285,"_wandb":{"runtime":115},"_step":2,"epoch":200,"train_loss":0.2810139913604222,"test_loss":0.35242058572016266}