{"_step":3,"_wandb":{"runtime":40},"epoch":300,"train_loss":0.25004321817807323,"test_loss":0.3090578724940618,"unnormalized_train_loss":0.33357241984973207,"_timestamp":1.7300599568674464e+09,"_runtime":40.146925013}