{"_wandb":{"runtime":3},"train_loss":0.001893472159281373,"test_loss":0.37147361040115356,"unnormalized_train_loss":554630.1175212039,"_timestamp":1.728407850953839e+09,"_runtime":3.461586016,"_step":9,"epoch":1000}