{"_runtime":0.50299593,"_step":0,"epoch":1,"train_loss":0.8155407168733793,"test_loss":0.7762375076611837,"unnormalized_train_loss":1.1039120785364167,"_wandb":{"runtime":6},"_timestamp":1.7308341871313264e+09}