{"_runtime":15.136200508,"_step":2,"epoch":200,"train_loss":0.7398739345371723,"test_loss":0.8334617167711258,"unnormalized_train_loss":1.001489877858123,"_timestamp":1.730835634443896e+09,"_wandb":{"runtime":15}}