{"_timestamp":1.7300513927633436e+09,"_runtime":36.035442842,"_step":3,"epoch":300,"train_loss":0.20290451584838506,"test_loss":0.31394297182559966,"_wandb":{"runtime":36},"unnormalized_train_loss":1.2928267497416928}