{"train_loss":0.8977011553649827,"test_loss":0.9680469786298687,"_wandb":{"runtime":11},"unnormalized_train_loss":1.2151240616443197,"_timestamp":1.730833861069646e+09,"_runtime":0.720469031,"_step":0,"epoch":1}