{"test_loss":0.59039666582095,"_wandb":{"runtime":20},"unnormalized_train_loss":1.0120663282230566,"_timestamp":1.7308340330698364e+09,"_runtime":0.900813874,"_step":0,"epoch":1,"train_loss":0.747687533174511}