{"_timestamp":1.7308355859087973e+09,"_runtime":23.699774005,"_step":2,"epoch":200,"train_loss":0.3932387048844248,"test_loss":0.4241589792072773,"unnormalized_train_loss":0.5322860613682056,"_wandb":{"runtime":23}}