{"_wandb":{"runtime":3},"epoch":1,"train_loss":0.7385062035173178,"test_loss":0.46835577487945557,"unnormalized_train_loss":0.9996385235826492,"_timestamp":1.7308345733146937e+09,"_runtime":0.492032713,"_step":0}