{"_wandb":{"runtime":3},"epoch":1,"train_loss":0.9656082689762115,"test_loss":1.0181937217712402,"unnormalized_train_loss":1.3070428112333963,"_timestamp":1.7308342513143191e+09,"_runtime":0.532311214,"_step":0}