{"_runtime":0.837054285,"_step":0,"_wandb":{"runtime":20},"epoch":1,"train_loss":0.90007765641109,"test_loss":0.7715689498081542,"unnormalized_train_loss":1.2183408822826687,"_timestamp":1.7308337759037852e+09}