{"_timestamp":1.7308345455541565e+09,"_runtime":0.749010751,"_step":0,"epoch":1,"_wandb":{"runtime":5},"train_loss":0.7455747304484248,"test_loss":0.44197070226073265,"unnormalized_train_loss":1.0092064483904066}