{"unnormalized_train_loss":1.3825121244369492,"_timestamp":1.730833692743229e+09,"_runtime":0.445100217,"_step":0,"epoch":1,"_wandb":{"runtime":4},"train_loss":1.021362978965044,"test_loss":0.8986210972070694}