{"_timestamp":1.7308356014751241e+09,"_runtime":13.998869759,"_step":2,"epoch":200,"_wandb":{"runtime":13},"train_loss":0.904142715036869,"test_loss":0.8081091791391373,"unnormalized_train_loss":1.2238433265188806}