{"unnormalized_train_loss":1.570597089916405,"_timestamp":1.7300586271828136e+09,"_wandb":{"runtime":24},"_runtime":24.468919367,"_step":2,"epoch":200,"train_loss":0.2464995732692283,"test_loss":0.2656632279356321}