{"unnormalized_train_loss":1.0707862596078628,"_timestamp":1.7308340122756748e+09,"_runtime":0.737874768,"_step":0,"epoch":1,"train_loss":0.7910682478776345,"test_loss":0.6085480167612172,"_wandb":{"runtime":19}}