{"unnormalized_train_loss":0.335707103557218,"_wandb":{"runtime":40},"_timestamp":1.7300597506603246e+09,"_runtime":40.706978872,"_step":3,"epoch":300,"train_loss":0.2516433600130982,"test_loss":0.3199940075476964}