{"_runtime":16.043872238,"_step":2,"epoch":200,"train_loss":0.8581165010109544,"test_loss":0.7873025983572006,"unnormalized_train_loss":1.161542459693616,"_wandb":{"runtime":16},"_timestamp":1.730835496734947e+09}