{"_step":0,"epoch":1,"train_loss":1.0977903250604868,"test_loss":1.042655497789383,"unnormalized_train_loss":1.4859638206425005,"_timestamp":1.7308336813592618e+09,"_runtime":0.472057022,"_wandb":{"runtime":3}}