{"_wandb":{"runtime":2},"epoch":1000,"train_loss":0.003562590340152383,"test_loss":0.6825380325317383,"unnormalized_train_loss":1.0435431486822285e+06,"_timestamp":1.7284124356838555e+09,"_runtime":2.98490091,"_step":9}