{"_step":0,"_wandb":{"runtime":6},"epoch":1,"train_loss":0.952366037631598,"test_loss":1.0721178332964578,"unnormalized_train_loss":1.2891181891689873,"_timestamp":1.7308339050983655e+09,"_runtime":0.484304848}