{"_wandb":{"runtime":39},"test_loss":0.2972503527998924,"unnormalized_train_loss":1.359209427891699,"_timestamp":1.7300513150496874e+09,"_runtime":39.074955883,"_step":3,"epoch":300,"train_loss":0.21332303880471884}