{"test_loss":0.6691930492719015,"unnormalized_train_loss":1.0602793501548229,"_wandb":{"runtime":6},"_timestamp":1.7308341986513898e+09,"_runtime":0.485181688,"_step":0,"epoch":1,"train_loss":0.7833060242059663}