{"_wandb":{"runtime":34},"unnormalized_train_loss":1.3978048503397904,"_timestamp":1.730051540395058e+09,"_runtime":34.977939619,"_step":3,"epoch":300,"train_loss":0.21938045176230078,"test_loss":0.243209283426404}