{"epoch":1,"train_loss":0.6762310606252983,"_wandb":{"runtime":22},"test_loss":0.4755036394324219,"unnormalized_train_loss":0.9153431830696198,"_timestamp":1.7308340556800897e+09,"_runtime":0.914064837,"_step":0}