{"test_loss":0.5087365729027781,"unnormalized_train_loss":0.880146099644992,"_timestamp":1.7308344596630676e+09,"_runtime":0.663870812,"_step":0,"epoch":1,"_wandb":{"runtime":18},"train_loss":0.6502283968207404}