{"unnormalized_train_loss":0.9018412963152722,"_wandb":{"runtime":13},"_timestamp":1.7308341558187037e+09,"_runtime":1.012969563,"_step":0,"epoch":1,"train_loss":0.6662562278312022,"test_loss":0.48982629385487786}