{"train_loss":0.6395865245722234,"test_loss":0.6305391862988472,"unnormalized_train_loss":0.8657413114225011,"_timestamp":1.7308355409531152e+09,"_wandb":{"runtime":20},"_runtime":20.714848251,"_step":2,"epoch":200}