{"test_loss":0.603898897767067,"unnormalized_train_loss":1.210170002584191,"_timestamp":1.7308345846683419e+09,"_runtime":0.423423482,"_step":0,"epoch":1,"train_loss":0.8940412290394306,"_wandb":{"runtime":5}}