{"_wandb":{"runtime":3},"epoch":1000,"train_loss":0.0019178225193172693,"test_loss":0.3404771685600281,"unnormalized_train_loss":668162.6079099525,"_timestamp":1.7284059357491987e+09,"_runtime":3.809009676,"_step":9}