{"_timestamp":1.7308339224317017e+09,"_runtime":0.526209038,"_step":0,"epoch":1,"train_loss":0.8730321848017024,"test_loss":0.895311979452769,"_wandb":{"runtime":7},"unnormalized_train_loss":1.1817322591181774}