{"unnormalized_train_loss":0.7887978134134601,"_timestamp":1.7308346686689308e+09,"_wandb":{"runtime":76},"_runtime":76.998132637,"_step":2,"epoch":200,"train_loss":0.5827427262796688,"test_loss":0.6352834471485072}