{"test_loss":1.1592839732766151,"unnormalized_train_loss":1.3591477962291802,"_timestamp":1.7308336668312798e+09,"_runtime":0.46560196,"_wandb":{"runtime":5},"_step":0,"epoch":1,"train_loss":1.0041020382195711}