{"train_loss":0.6072266923747663,"test_loss":0.609859273351472,"unnormalized_train_loss":0.8219391947616224,"_timestamp":1.7308344441278045e+09,"_runtime":0.880383287,"_step":0,"_wandb":{"runtime":14},"epoch":1}