{"_step":10,"epoch":1000,"train_loss":0.11644679556290309,"test_loss":0.5080429539084435,"unnormalized_train_loss":78.76022639305798,"_wandb":{"runtime":11},"_timestamp":1.7287531015013778e+09,"_runtime":11.522205411}