{"_wandb":{"runtime":25},"epoch":1,"train_loss":0.9663184164367484,"test_loss":0.9366987760652575,"unnormalized_train_loss":1.3080040634958634,"_timestamp":1.7308335087552173e+09,"_runtime":0.913477377,"_step":0}