{"epoch":1,"train_loss":0.7104537056293339,"test_loss":0.4896811582148075,"_wandb":{"runtime":4},"unnormalized_train_loss":0.9616667943839086,"_timestamp":1.7308345319451678e+09,"_runtime":0.45922562,"_step":0}