{"train_loss":1.0071246223524213,"test_loss":0.9135196022689342,"unnormalized_train_loss":1.3632391518949498,"_timestamp":1.730833660516363e+09,"_runtime":1.235189061,"_wandb":{"runtime":5},"_step":0,"epoch":1}