{"test_loss":1.0207835157712302,"unnormalized_train_loss":1.3534728463583865,"_timestamp":1.7308338974692578e+09,"_wandb":{"runtime":6},"_runtime":0.479949976,"_step":0,"epoch":1,"train_loss":0.9999095370450358}