{"test_loss":1.0145538051923115,"unnormalized_train_loss":1.370366357062953,"_timestamp":1.7308337320580442e+09,"_runtime":0.762144695,"_step":0,"_wandb":{"runtime":18},"epoch":1,"train_loss":1.0123900108965191}