{"_runtime":35.629426826,"_step":3,"epoch":300,"train_loss":0.2269613064649537,"test_loss":0.26575775543848673,"unnormalized_train_loss":1.446107036737742,"_wandb":{"runtime":35},"_timestamp":1.730051467007981e+09}