{"epoch":100,"train_loss":0.958272265891234,"_wandb":{"runtime":2},"test_loss":0.7509751692414284,"unnormalized_train_loss":648.139266030831,"_timestamp":1.728754806328877e+09,"_runtime":2.155661514,"_step":1}