{"unnormalized_train_loss":1.3068154054920031,"_timestamp":1.7308339707822251e+09,"_runtime":0.449647997,"_step":0,"_wandb":{"runtime":3},"epoch":1,"train_loss":0.9654402676969767,"test_loss":0.9694652706384659}