{"_wandb":{"runtime":10},"test_loss":0.4260163475470296,"unnormalized_train_loss":0.87911043179629,"_timestamp":1.7308344177265618e+09,"_runtime":0.509822962,"_step":0,"epoch":1,"train_loss":0.6494632731155148}