{"_wandb":{"runtime":80},"epoch":200,"train_loss":0.10161226934567828,"test_loss":0.45660849752133353,"unnormalized_train_loss":0.13754188986201848,"_timestamp":1.7308359760102983e+09,"_runtime":80.461867934,"_step":2}