{"epoch":1,"train_loss":0.9236578922718763,"test_loss":0.9131511598825455,"unnormalized_train_loss":1.2502589786362823,"_timestamp":1.730833986095599e+09,"_runtime":0.451618018,"_wandb":{"runtime":4},"_step":0}