{"test_loss":1.0259324749310812,"unnormalized_train_loss":1.325040111241791,"_timestamp":1.7308336119507701e+09,"_runtime":0.797209243,"_wandb":{"runtime":6},"_step":0,"epoch":1,"train_loss":0.9789041928418978}