{"_runtime":3.599344359,"_step":9,"epoch":1000,"train_loss":0.001351730024907738,"test_loss":0.18789729475975037,"_wandb":{"runtime":3},"unnormalized_train_loss":470937.97759453935,"_timestamp":1.7284065655113645e+09}