{"epoch":1,"_wandb":{"runtime":7},"train_loss":0.9472520318556958,"test_loss":0.8560508966445923,"unnormalized_train_loss":1.2821958950039987,"_timestamp":1.7308339134149854e+09,"_runtime":0.527894204,"_step":0}