{"_runtime":11.643655931,"_step":10,"epoch":1000,"train_loss":0.018942688087311883,"_wandb":{"runtime":11},"test_loss":0.5240613669157028,"unnormalized_train_loss":12.812120720349442,"_timestamp":1.7287530464778318e+09}