{"test_loss":0.2455673302213351,"_wandb":{"runtime":41},"unnormalized_train_loss":0.33255245199186906,"_timestamp":1.730059708307221e+09,"_runtime":41.844167833,"_step":3,"epoch":300,"train_loss":0.24927865842899938}