{"unnormalized_train_loss":1.0696960517650163e+06,"_timestamp":1.7284058628177867e+09,"_runtime":3.4901847,"_wandb":{"runtime":3},"_step":9,"epoch":1000,"train_loss":0.0030703411903232336,"test_loss":1.7886936664581299}