{"train_loss":3.075342749525589e-05,"test_loss":0.13974818587303162,"unnormalized_train_loss":10714.385773671514,"_timestamp":1.7284048659883873e+09,"_runtime":53.824095087,"_wandb":{"runtime":54},"_step":201,"epoch":20200}