{"test_loss":0.46955867392713563,"_wandb":{"runtime":30},"unnormalized_train_loss":0.9240279897933414,"_timestamp":1.7308343739601448e+09,"_runtime":1.056361162,"_step":0,"epoch":1,"train_loss":0.6826471635370095}