{"unnormalized_train_loss":0.3521348263699558,"_wandb":{"runtime":40},"_timestamp":1.7300597925130446e+09,"_runtime":40.364063323,"_step":3,"epoch":300,"train_loss":0.26395744965301726,"test_loss":0.2544079711039861}