{"_step":0,"epoch":1,"_wandb":{"runtime":12},"train_loss":1.0003673236259794,"test_loss":1.0600607374618793,"unnormalized_train_loss":1.354092504121193,"_timestamp":1.7308335620305548e+09,"_runtime":0.625533348}