{"train_loss":0.5827367566525936,"test_loss":0.6222841143608093,"unnormalized_train_loss":0.7887897329543287,"_timestamp":1.730835651635241e+09,"_wandb":{"runtime":15},"_runtime":15.603311046,"_step":2,"epoch":200}