{"unnormalized_train_loss":1.0910478358629598,"_wandb":{"runtime":14},"_timestamp":1.730835617640431e+09,"_runtime":14.566496027,"_step":2,"epoch":200,"train_loss":0.8060369584709406,"test_loss":0.99147067964077}