{"epoch":1,"train_loss":0.9899930516257882,"_wandb":{"runtime":4},"test_loss":0.8589734807610512,"unnormalized_train_loss":1.3400499383362021,"_timestamp":1.7308339456669428e+09,"_runtime":0.472876543,"_step":0}