{"_wandb":{"runtime":10},"epoch":1,"train_loss":0.8901344493148834,"test_loss":0.7533165570990793,"unnormalized_train_loss":1.2048818039242357,"_timestamp":1.7308341169376714e+09,"_runtime":0.640937498,"_step":0}