{"epoch":1,"train_loss":0.9793729297816753,"test_loss":0.9085410535335541,"unnormalized_train_loss":1.3256745913588115,"_timestamp":1.7308339807745948e+09,"_runtime":0.477048615,"_step":0,"_wandb":{"runtime":3}}