{"test_loss":0.5136534350699392,"unnormalized_train_loss":0.8480149150338973,"_timestamp":1.730834405509003e+09,"_runtime":0.580614582,"_step":0,"_wandb":{"runtime":10},"epoch":1,"train_loss":0.6264907370548783}