{"_step":0,"epoch":1,"train_loss":0.9818419764830372,"test_loss":0.9660342892011007,"unnormalized_train_loss":1.3290166813608328,"_timestamp":1.730833637216481e+09,"_wandb":{"runtime":7},"_runtime":0.530486494}