{"train_loss":0.3767861524435479,"test_loss":0.39740952361246634,"unnormalized_train_loss":0.510015963767355,"_wandb":{"runtime":53},"_timestamp":1.730835255521917e+09,"_runtime":53.388519041,"_step":2,"epoch":200}