{"_timestamp":1.730833939255064e+09,"_runtime":0.435840859,"_step":0,"epoch":1,"train_loss":1.0049299020320177,"test_loss":1.1331035569310188,"_wandb":{"runtime":4},"unnormalized_train_loss":1.3602683887919238}