{"_runtime":1.129372452,"_wandb":{"runtime":24},"_step":0,"epoch":1,"train_loss":0.6330629597607214,"test_loss":0.4820635930487984,"unnormalized_train_loss":0.8569110447766601,"_timestamp":1.7308340796169033e+09}