{"train_loss":0.9543535935984561,"test_loss":0.8490399184979891,"unnormalized_train_loss":1.2918085355774334,"_timestamp":1.7308337530901468e+09,"_runtime":0.895941743,"_step":0,"_wandb":{"runtime":21},"epoch":1}