{"_step":0,"epoch":1,"train_loss":1.0100395778814952,"test_loss":0.8549546599388123,"unnormalized_train_loss":2525.7844010123417,"_timestamp":1.7287521870608702e+09,"_runtime":0.948455785,"_wandb":{"runtime":1}}