{"_step":0,"epoch":1,"train_loss":0.7643572771921754,"test_loss":0.6451350823044777,"unnormalized_train_loss":1.0346304153207055,"_timestamp":1.7308345682131462e+09,"_wandb":{"runtime":3},"_runtime":0.396696967}