{"train_loss":0.8143826983869076,"test_loss":0.6445137560367584,"unnormalized_train_loss":1.1023445901597657,"_timestamp":1.7308342732774875e+09,"_runtime":0.53111724,"_step":0,"_wandb":{"runtime":5},"epoch":1}