{"_wandb":{"runtime":10},"epoch":1,"train_loss":0.9887575547643533,"test_loss":0.858766186853935,"unnormalized_train_loss":1.3383775755956135,"_timestamp":1.7308338336497915e+09,"_runtime":0.616346773,"_step":0}