{"unnormalized_train_loss":1.376060180985664,"_wandb":{"runtime":36},"_timestamp":1.7300585996925583e+09,"_runtime":36.370753731,"_step":3,"epoch":300,"train_loss":0.2159677039919876,"test_loss":0.3026486908396085}