{"unnormalized_train_loss":419305.14553440537,"_timestamp":1.7284060667906616e+09,"_runtime":3.240043663,"_step":9,"_wandb":{"runtime":3},"epoch":1000,"train_loss":0.0012035286636091769,"test_loss":1.6569944620132446}