{"test_loss":0.7534060031175613,"unnormalized_train_loss":1.1807062008332079,"_timestamp":1.7308342295195057e+09,"_runtime":0.734120059,"_step":0,"epoch":1,"train_loss":0.8722741603851318,"_wandb":{"runtime":5}}