{"_wandb":{"runtime":4},"_step":0,"epoch":1,"train_loss":0.9681283514946699,"test_loss":0.9262584447860718,"unnormalized_train_loss":1.3104539830773971,"_timestamp":1.7308336534138024e+09,"_runtime":0.69240892}