{"test_loss":0.4051983783642451,"unnormalized_train_loss":0.8631699337864601,"_timestamp":1.730834487667991e+09,"_runtime":0.4898891,"_step":0,"_wandb":{"runtime":6},"epoch":1,"train_loss":0.6376868595523159}