{"unnormalized_train_loss":0.8174595504179478,"_timestamp":1.7308345042571387e+09,"_runtime":0.489290637,"_step":0,"epoch":1,"train_loss":0.6039172509523827,"_wandb":{"runtime":7},"test_loss":0.4332302083571752}