{
	"class_name" : "PinholeCameraParameters",
	"extrinsic" : 
	[
		-0.70820028219826736,
		0.34622287532000201,
		-0.61529024118658426,
		0.0,
		0.51971875608695617,
		-0.33420767203697149,
		-0.78625545881924108,
		0.0,
		-0.47785434482248013,
		-0.87660421659764931,
		0.056747445559248454,
		0.0,
		0.07323428637525517,
		-0.020928301846571046,
		0.33507581495420341,
		1.0
	],
	"intrinsic" : 
	{
		"height" : 600,
		"intrinsic_matrix" : 
		[
			519.6152422706632,
			0.0,
			0.0,
			0.0,
			519.6152422706632,
			0.0,
			399.5,
			299.5,
			1.0
		],
		"width" : 800
	},
	"version_major" : 1,
	"version_minor" : 0
}