{
	"class_name" : "PinholeCameraParameters",
	"extrinsic" : 
	[
		-0.68979176498774664,
		0.22936599681237552,
		-0.68671577851492149,
		0.0,
		0.53878532289548164,
		-0.47096208583398458,
		-0.69850203259497701,
		0.0,
		-0.4836297104061133,
		-0.85181333237580159,
		0.20128673577593514,
		0.0,
		0.096753327926219865,
		-0.088350142495746228,
		0.58192892961438769,
		1.0
	],
	"intrinsic" : 
	{
		"height" : 600,
		"intrinsic_matrix" : 
		[
			519.6152422706632,
			0.0,
			0.0,
			0.0,
			519.6152422706632,
			0.0,
			399.5,
			299.5,
			1.0
		],
		"width" : 800
	},
	"version_major" : 1,
	"version_minor" : 0
}