{
	"class_name" : "PinholeCameraParameters",
	"extrinsic" : 
	[
		-0.048663630588597101,
		0.22476367022010113,
		-0.97319738162775915,
		0.0,
		0.79377443570211159,
		-0.58271068569581852,
		-0.17427105899059483,
		0.0,
		-0.60626231639755657,
		-0.78097986486534887,
		-0.15005483794656685,
		0.0,
		0.019243162731340576,
		-0.0079316654746235116,
		0.34479791459821796,
		1.0
	],
	"intrinsic" : 
	{
		"height" : 600,
		"intrinsic_matrix" : 
		[
			519.6152422706632,
			0.0,
			0.0,
			0.0,
			519.6152422706632,
			0.0,
			399.5,
			299.5,
			1.0
		],
		"width" : 800
	},
	"version_major" : 1,
	"version_minor" : 0
}