{"unnormalized_train_loss":0.9765440714341475,"_timestamp":1.7308342070849836e+09,"_runtime":0.628052178,"_step":0,"_wandb":{"runtime":7},"epoch":1,"train_loss":0.7214446399859556,"test_loss":0.5039376318454742}