{
	"class_name" : "PinholeCameraParameters",
	"extrinsic" : 
	[
		-0.15907110767313343,
		0.45710308371061881,
		-0.87507322754492134,
		0.0,
		0.69499791875290207,
		-0.57767964650051529,
		-0.4280935866702214,
		0.0,
		-0.70119489133391233,
		-0.67627139291950156,
		-0.22579355058535236,
		0.0,
		0.032689079899573779,
		-0.076476495016593454,
		0.45627528329934791,
		1.0
	],
	"intrinsic" : 
	{
		"height" : 600,
		"intrinsic_matrix" : 
		[
			519.6152422706632,
			0.0,
			0.0,
			0.0,
			519.6152422706632,
			0.0,
			399.5,
			299.5,
			1.0
		],
		"width" : 800
	},
	"version_major" : 1,
	"version_minor" : 0
}