{"_runtime":0.512859294,"_wandb":{"runtime":4},"_step":0,"epoch":1,"train_loss":1.0159324947744608,"test_loss":0.8543617986142635,"unnormalized_train_loss":1.3751614465783764,"_timestamp":1.7308336472722838e+09}