{"unnormalized_train_loss":1.2987902091002126,"_timestamp":1.730833932858478e+09,"_runtime":0.498522888,"_step":0,"_wandb":{"runtime":4},"epoch":1,"train_loss":0.959511467255652,"test_loss":1.0782584249973297}