{"_step":0,"epoch":1,"_wandb":{"runtime":6},"train_loss":0.8992494581721899,"test_loss":0.7151706178983053,"unnormalized_train_loss":1.2172198370418505,"_timestamp":1.730834178378154e+09,"_runtime":0.467446219}