{"test_loss":0.9792235791683197,"unnormalized_train_loss":1.328534551049011,"_timestamp":1.7308339757501168e+09,"_runtime":0.455050491,"_step":0,"epoch":1,"_wandb":{"runtime":3},"train_loss":0.9814857915043831}