{"_runtime":0.696641835,"_step":0,"_wandb":{"runtime":3},"epoch":1,"train_loss":0.9241655748337507,"test_loss":0.8223443478345871,"unnormalized_train_loss":1.2509461753641955,"_timestamp":1.7308342628311968e+09}