{"test_loss":0.4928965906302134,"unnormalized_train_loss":0.8850806418298353,"_timestamp":1.7308345136920362e+09,"_runtime":0.55354849,"_step":0,"_wandb":{"runtime":9},"epoch":1,"train_loss":0.6538739046008568}