{"_wandb":{"runtime":6},"_runtime":0.608043103,"_step":0,"epoch":1,"train_loss":0.7444434049539268,"test_loss":0.5634503811597824,"unnormalized_train_loss":1.007675091522143,"_timestamp":1.7308342430984664e+09}