{"epoch":200,"train_loss":0.31380600370760037,"test_loss":0.3978745772920806,"unnormalized_train_loss":0.42476633065991704,"_wandb":{"runtime":60},"_timestamp":1.7308353176328487e+09,"_runtime":60.518849181,"_step":2}