{"epoch":200,"train_loss":0.46593493657318624,"test_loss":0.49563979126256086,"unnormalized_train_loss":0.6306873386618385,"_timestamp":1.7308352003190062e+09,"_wandb":{"runtime":50},"_runtime":50.074681134,"_step":2}