{"train_loss":0.6559947566129267,"test_loss":0.49258770793676376,"unnormalized_train_loss":0.8879514171381339,"_timestamp":1.7308345387257488e+09,"_runtime":0.59531829,"_step":0,"_wandb":{"runtime":5},"epoch":1}