{"unnormalized_train_loss":1.32873428189892,"_timestamp":1.7308337114563346e+09,"_runtime":0.846550278,"_step":0,"epoch":1,"_wandb":{"runtime":18},"train_loss":0.9816333473140201,"test_loss":0.9822463780118708}