{"train_loss":0.09952235346039136,"_wandb":{"runtime":12},"test_loss":0.3141036555171013,"unnormalized_train_loss":248.87342380140458,"_timestamp":1.728751869686542e+09,"_runtime":10.927514126,"_step":9,"epoch":901}