{"_runtime":20.288219702,"_step":2,"_wandb":{"runtime":20},"epoch":200,"train_loss":0.7812554631382227,"test_loss":0.7894811257719994,"unnormalized_train_loss":1.0575037203381572,"_timestamp":1.730835518746651e+09}