{"test_loss":1.0498722185348641,"unnormalized_train_loss":1.4763511543013408,"_timestamp":1.7308335356070611e+09,"_runtime":0.589386787,"_step":0,"_wandb":{"runtime":10},"epoch":1,"train_loss":1.0906887442812205}