{
	"class_name" : "PinholeCameraParameters",
	"extrinsic" : 
	[
		-0.12591121529510729,
		0.73997673846426459,
		-0.66074260676506902,
		0.0,
		0.71632317740356199,
		-0.39296630520979903,
		-0.57659222027722878,
		0.0,
		-0.6863144114597729,
		-0.54590467070867654,
		-0.4805836234424527,
		0.0,
		0.027727879187357696,
		-0.11661898051118212,
		0.50455884270887796,
		1.0
	],
	"intrinsic" : 
	{
		"height" : 1136,
		"intrinsic_matrix" : 
		[
			983.80485869912241,
			0.0,
			0.0,
			0.0,
			983.80485869912241,
			0.0,
			924.5,
			567.5,
			1.0
		],
		"width" : 1850
	},
	"version_major" : 1,
	"version_minor" : 0
}