{"train_loss":0.9483353537837351,"test_loss":0.7459689140319824,"unnormalized_train_loss":1.283662274470484,"_timestamp":1.7308341706170743e+09,"_runtime":0.440308742,"_wandb":{"runtime":5},"_step":0,"epoch":1}