{"_step":0,"_wandb":{"runtime":18},"epoch":1,"train_loss":0.8757318949411371,"test_loss":0.613115797309499,"unnormalized_train_loss":1.185386574065069,"_timestamp":1.73083399232617e+09,"_runtime":0.792292197}