{"_wandb":{"runtime":4},"unnormalized_train_loss":1.3409847701970055,"_timestamp":1.7308336868143222e+09,"_runtime":0.476850957,"_step":0,"epoch":1,"train_loss":0.9906836804002523,"test_loss":0.887558251619339}