{"_wandb":{"runtime":43},"_step":2,"epoch":200,"train_loss":0.13591750605603842,"test_loss":0.4240113527610384,"unnormalized_train_loss":0.1839772969215254,"_timestamp":1.7308362353178222e+09,"_runtime":43.91198241}