{"test_loss":0.29267542362213134,"unnormalized_train_loss":1.4130254530443074,"_timestamp":1.7300514298562632e+09,"_wandb":{"runtime":35},"_runtime":35.599907129,"_step":3,"epoch":300,"train_loss":0.2217692706997939}