{"_runtime":0.630950521,"_step":0,"epoch":1,"train_loss":0.6061653718352318,"test_loss":0.44486803227457505,"unnormalized_train_loss":0.8205025962711353,"_wandb":{"runtime":12},"_timestamp":1.7308344300968606e+09}