{"_step":0,"epoch":1,"train_loss":0.8222241603440552,"test_loss":0.777780213115508,"unnormalized_train_loss":1.1129587561833403,"_timestamp":1.7308337980429244e+09,"_wandb":{"runtime":21},"_runtime":0.881623589}