{"train_loss":0.2544400542974472,"test_loss":0.31389998296896615,"_wandb":{"runtime":36},"unnormalized_train_loss":0.33943805889688977,"_timestamp":1.7300598310978534e+09,"_runtime":36.958465439,"_step":3,"epoch":300}