{"train_loss":0.9811572693288326,"test_loss":1.0010975450277328,"unnormalized_train_loss":1.328089864977361,"_wandb":{"runtime":4},"_timestamp":1.7308336985663981e+09,"_runtime":0.418479179,"_step":0,"epoch":1}