{"_step":0,"_wandb":{"runtime":5},"epoch":1,"train_loss":0.903679246082902,"test_loss":0.8149259462952614,"unnormalized_train_loss":1.223215977122676,"_timestamp":1.7308339583581226e+09,"_runtime":0.520553701}