{"train_loss":0.001201179693453014,"test_loss":1.1311897039413452,"unnormalized_train_loss":418486.7726090508,"_timestamp":1.7284056037596269e+09,"_runtime":3.544599081,"_step":9,"_wandb":{"runtime":3},"epoch":1000}