{"_step":2,"epoch":200,"train_loss":0.34550657755965314,"test_loss":0.36515666900627447,"unnormalized_train_loss":0.4676760783252197,"_wandb":{"runtime":95},"_timestamp":1.7308349381539705e+09,"_runtime":95.830482298}