{"test_loss":1.0109484617052407,"unnormalized_train_loss":1.2902262724321933,"_timestamp":1.7308338462917125e+09,"_runtime":0.751755188,"_step":0,"_wandb":{"runtime":11},"epoch":1,"train_loss":0.9531846599081369}