{"test_loss":0.5081449076533318,"unnormalized_train_loss":0.5973140608822102,"_timestamp":1.7308356715089078e+09,"_runtime":17.956276019,"_wandb":{"runtime":17},"_step":2,"epoch":200,"train_loss":0.4412796515971422}