{"_timestamp":1.7308341290351577e+09,"_runtime":0.586209985,"_step":0,"epoch":1,"train_loss":0.8065410503516282,"test_loss":0.6192499846220016,"_wandb":{"runtime":11},"unnormalized_train_loss":1.0917301722617072}