{"test_loss":0.28891032735506694,"unnormalized_train_loss":0.35447274888767427,"_wandb":{"runtime":39},"_timestamp":1.7300599983012838e+09,"_runtime":39.930779867,"_step":3,"epoch":300,"train_loss":0.26570993767479273}