{"_wandb":{"runtime":31},"unnormalized_train_loss":0.49515720546569314,"_timestamp":1.7308354788411298e+09,"_runtime":31.60235226,"_step":2,"epoch":200,"train_loss":0.36580889924304694,"test_loss":0.39447665214538574}