{"_step":0,"epoch":1,"train_loss":0.9612943101674318,"_wandb":{"runtime":3},"test_loss":0.9514162540435791,"unnormalized_train_loss":1.3012034568801545,"_timestamp":1.7308342560805829e+09,"_runtime":0.429615717}