{"_step":0,"epoch":1,"train_loss":0.7485219412483275,"test_loss":0.5994953662157059,"unnormalized_train_loss":1.0131957790672104,"_timestamp":1.7308345250660305e+09,"_wandb":{"runtime":4},"_runtime":0.50024076}