{"test_loss":0.8037232160568237,"unnormalized_train_loss":1.390349211516014e+06,"_wandb":{"runtime":3},"_timestamp":1.728410072071706e+09,"_runtime":3.500065739,"_step":9,"epoch":1000,"train_loss":0.004746564314700663}