{"_wandb":{"runtime":27},"train_loss":0.448494054670409,"test_loss":0.4280536477764448,"unnormalized_train_loss":0.6070794429498795,"_timestamp":1.7308354456976154e+09,"_runtime":27.149005927,"_step":2,"epoch":200}