{"_wandb":{"runtime":13},"train_loss":0.9549121996314507,"test_loss":0.9200071980213297,"unnormalized_train_loss":1.292564662076341,"_timestamp":1.7308335894611378e+09,"_runtime":0.699839671,"_step":0,"epoch":1}