{"train_loss":0.331660647502565,"test_loss":0.33366198440392814,"unnormalized_train_loss":0.4489342925230485,"_wandb":{"runtime":23},"_timestamp":1.7308363549335403e+09,"_runtime":23.980198849,"_step":2,"epoch":200}