{"epoch":1,"train_loss":0.9915195293724537,"test_loss":0.9366634637117386,"unnormalized_train_loss":1.3421161714344358,"_timestamp":1.7308337044360216e+09,"_runtime":0.447927505,"_step":0,"_wandb":{"runtime":4}}