{"_runtime":0.720239936,"_step":0,"epoch":1,"_wandb":{"runtime":7},"train_loss":0.5876568250768767,"test_loss":0.39732789595921836,"unnormalized_train_loss":0.795449514432333,"_timestamp":1.7308344957238517e+09}