{"test_loss":0.8266538083553314,"unnormalized_train_loss":2205.9021679839993,"_wandb":{"runtime":2},"_timestamp":1.7287520502826102e+09,"_runtime":2.046599551,"_step":1,"epoch":100,"train_loss":0.882121408979098}