{"_step":0,"_wandb":{"runtime":4},"epoch":1,"train_loss":0.9519242709502578,"test_loss":0.889700616709888,"unnormalized_train_loss":1.2885202158669355,"_timestamp":1.730833952085484e+09,"_runtime":0.486008344}