{"_timestamp":1.7308339657845159e+09,"_runtime":0.460899242,"_step":0,"_wandb":{"runtime":3},"epoch":1,"train_loss":1.0308351144194603,"test_loss":1.0475914031267166,"unnormalized_train_loss":1.3953335624366985}