{"train_loss":0.5219307340813811,"test_loss":0.5570587968094307,"_wandb":{"runtime":81},"unnormalized_train_loss":0.7064829867976666,"_timestamp":1.7308347521645794e+09,"_runtime":81.637889465,"_step":2,"epoch":200}