{"unnormalized_train_loss":1.1849676777772928,"_timestamp":1.7308345629234524e+09,"_runtime":0.659733897,"_wandb":{"runtime":3},"_step":0,"epoch":1,"train_loss":0.8754224255681038,"test_loss":0.7463453710079193}