{"_step":3,"_wandb":{"runtime":35},"epoch":300,"train_loss":0.21309668060362807,"test_loss":0.2604459976156553,"unnormalized_train_loss":1.357767163602164,"_timestamp":1.7300515036647923e+09,"_runtime":35.135839427}