{"_runtime":0.493975214,"_step":0,"_wandb":{"runtime":6},"epoch":1,"train_loss":1.0649426164120201,"test_loss":1.032257600625356,"unnormalized_train_loss":1.4415013167122188,"_timestamp":1.7308338896063538e+09}