{"_timestamp":1.7308342678943768e+09,"_runtime":0.426685248,"_step":0,"epoch":1,"train_loss":0.8697124365717173,"_wandb":{"runtime":3},"test_loss":0.8973587155342102,"unnormalized_train_loss":1.1772386635282106}