{"epoch":1,"train_loss":0.7546285148710012,"test_loss":0.4553652991889976,"unnormalized_train_loss":1.0214616084011343,"_timestamp":1.7308345525445116e+09,"_runtime":0.455844607,"_step":0,"_wandb":{"runtime":8}}