{"epoch":300,"train_loss":0.2116543110900038,"test_loss":0.2370174616575241,"_wandb":{"runtime":35},"unnormalized_train_loss":1.348576959616666,"_timestamp":1.7300515777243745e+09,"_runtime":35.739347885,"_step":3}