{"_step":0,"epoch":1,"_wandb":{"runtime":21},"train_loss":1.0035147837985903,"test_loss":0.9572321508537259,"unnormalized_train_loss":1.3583528914070395,"_timestamp":1.730833460927596e+09,"_runtime":0.806022746}