{"epoch":1,"_wandb":{"runtime":5},"train_loss":0.8271935675293207,"test_loss":0.898772619664669,"unnormalized_train_loss":1.11968532237615,"_timestamp":1.730834236136235e+09,"_runtime":0.528386236,"_step":0}