{"train_loss":0.2955846045547583,"test_loss":0.3295815934737523,"unnormalized_train_loss":0.40010193046936393,"_timestamp":1.7308363814642434e+09,"_runtime":24.981629364,"_wandb":{"runtime":24},"_step":2,"epoch":200}