{"_runtime":0.798503101,"_step":0,"epoch":1,"train_loss":0.6180178653412082,"test_loss":0.46273959140505705,"unnormalized_train_loss":0.8365460757336736,"_wandb":{"runtime":19},"_timestamp":1.730834300829405e+09}