{"test_loss":0.5069067117292434,"_wandb":{"runtime":17},"unnormalized_train_loss":0.6880249038466618,"_timestamp":1.7308355606765776e+09,"_runtime":17.8607588,"_step":2,"epoch":200,"train_loss":0.5082943961024284}