{"_step":2,"epoch":200,"train_loss":0.7026467954549264,"test_loss":0.6577148427223337,"unnormalized_train_loss":0.9510993974909397,"_timestamp":1.7308351013873513e+09,"_runtime":44.69641296,"_wandb":{"runtime":44}}