{"_step":3,"epoch":300,"train_loss":0.25682886560836177,"test_loss":0.3039779072006544,"unnormalized_train_loss":0.34262487426165883,"_timestamp":1.7300599151892931e+09,"_wandb":{"runtime":42},"_runtime":42.990638827}