{"test_loss":1.038018533273747,"unnormalized_train_loss":1.3440234936609758,"_timestamp":1.7308334167143495e+09,"_wandb":{"runtime":21},"_runtime":1.451935935,"_step":0,"epoch":1,"train_loss":0.9929286080175603}