{"_wandb":{"runtime":10},"test_loss":1.0778255072133294,"unnormalized_train_loss":1.3749884362548281,"_timestamp":1.7308338213215382e+09,"_runtime":0.574552871,"_step":0,"epoch":1,"train_loss":1.0158046793749953}